nome_arquivo,lote,rotulador,cena_n1,cena_n2,legibilidade,incerto,campos_visiveis,leitura_confere,observacao
F-84c01e181957,2026-05-20,R1,medidor,digital,legivel,nao,ambos,sim,
F-2735abae25e8,2026-05-21,R1,medidor,ciclometrico,legivel,nao,ambos,sim,
F-fc6ed5efbc9d,2026-05-22,R1,medidor,digital,ilegivel,nao,nenhum,impossivel,
F-eb2e558d29ad,2026-07-03,R1,medidor,digital,legivel,nao,ambos,sim,
F-9b63346ce5f3,2026-05-20,R1,medidor,ciclometrico,ilegivel,nao,nenhum,impossivel,
F-1065974d4260,2026-05-21,R1,medidor,digital,legivel,nao,ambos,nao,
F-81b6ac31f64d,2026-05-22,R1,medidor,digital,legivel,nao,ambos,sim,
F-3f77073e12e9,2026-07-03,R1,medidor,digital,legivel,nao,ambos,sim,
F-4d0ab14785be,2026-05-20,R1,outros,,,nao,,,
F-393a41464a80,2026-05-21,R1,medidor,digital,legivel,nao,ambos,sim,
F-f6849c27a980,2026-05-22,R1,medidor,digital,legivel,nao,ambos,nao,
F-c74a4607845a,2026-07-03,R1,medidor,digital,legivel,nao,ambos,nao,
F-d041c766b8ee,2026-05-20,R1,medidor,digital,legivel,nao,ambos,,
F-d00cb95ebeb8,2026-05-21,R1,medidor,ciclometrico,legivel,nao,numero,,
F-ef5311b0644d,2026-05-22,R1,medidor,ciclometrico,legivel,nao,ambos,sim,
F-bb8e41258cf3,2026-07-03,R1,medidor,ciclometrico,ilegivel,nao,nenhum,impossivel,
F-68534dae8cd7,2026-05-20,R1,medidor,digital,legivel,nao,ambos,sim,
F-545b9fb9d0a7,2026-05-21,R1,outros,,,nao,,,
F-125d7c96de2f,2026-05-22,R1,medidor,digital,legivel,nao,ambos,nao,
F-0b8c47337841,2026-07-03,R1,medidor,digital,legivel,nao,ambos,sim,
F-6249d58c5d12,2026-05-20,R1,medidor,digital,legivel,nao,ambos,nao,
F-aff9b5e1dc47,2026-05-21,R1,medidor,digital,legivel,nao,ambos,nao,
F-03d10a193738,2026-05-22,R1,medidor,digital,legivel,nao,ambos,sim,
F-3b3dfc4d715e,2026-07-03,R1,medidor,digital,legivel,nao,ambos,sim,
F-93365a732332,2026-05-20,R1,medidor,digital,legivel,nao,ambos,sim,
F-87e75e55c424,2026-05-21,R1,medidor,digital,legivel,nao,ambos,sim,
F-ef3154dbc7de,2026-05-22,R1,medidor,digital,ilegivel,nao,nenhum,impossivel,
F-6195b6e261fb,2026-07-03,R1,medidor,digital,legivel,nao,ambos,nao,
F-257c2a36e18b,2026-05-20,R1,medidor,digital,legivel,nao,ambos,sim,
F-4f79274d3e3b,2026-05-21,R1,medidor,digital,legivel,nao,numero,impossivel,
F-b3b8f0c98f45,2026-05-22,R1,medidor,digital,legivel,nao,ambos,sim,
F-832335aa9d9e,2026-07-03,R1,medidor,digital,legivel,nao,ambos,sim,
F-82883253a1b9,2026-05-20,R1,medidor,digital,ilegivel,nao,nenhum,impossivel,
F-36fe12cf66b1,2026-05-21,R1,medidor,digital,legivel,nao,ambos,sim,
F-13ec037033e8,2026-05-22,R1,medidor,digital,legivel,nao,ambos,sim,
F-6d60ef1e4a4c,2026-07-03,R1,medidor,digital,legivel,nao,ambos,sim,
F-846244e5499e,2026-05-20,R1,medidor,digital,legivel,nao,leitura,nao,
F-69273286511b,2026-05-21,R1,medidor,ciclometrico,legivel,nao,leitura,sim,
F-91fa9cdae4a3,2026-05-22,R1,medidor,digital,legivel,nao,leitura,sim,
F-492ed77c7da8,2026-07-03,R1,medidor,ciclometrico,ilegivel,nao,nenhum,impossivel,
F-686f386bae3c,2026-05-20,R1,medidor,digital,legivel,nao,numero,impossivel,
F-808c43d375e2,2026-05-21,R1,outros,,,nao,,,
F-06d55af51f1d,2026-05-22,R1,medidor,digital,legivel,nao,ambos,sim,
F-cefc326af4a2,2026-07-03,R1,medidor,digital,legivel,nao,ambos,sim,
F-f8e9ceb5ac58,2026-05-20,R1,outros,,,nao,,,
F-e50dacfd4a34,2026-05-21,R1,medidor,digital,legivel,nao,ambos,sim,
F-476843e4908f,2026-05-22,R1,medidor,digital,legivel,nao,ambos,sim,
F-3a59de01856e,2026-07-03,R1,medidor,ciclometrico,legivel,nao,leitura,sim,
F-770877f156c1,2026-05-20,R1,medidor,digital,legivel,nao,ambos,sim,
F-f5e6922b7f5e,2026-05-21,R1,medidor,digital,ilegivel,nao,nenhum,impossivel,
F-fb853431d3d0,2026-05-22,R1,medidor,digital,legivel,nao,ambos,sim,
F-bfce91bda937,2026-07-03,R1,medidor,digital,legivel,nao,numero,impossivel,
F-e5120ded4280,2026-05-20,R1,medidor,ciclometrico,ilegivel,nao,nenhum,impossivel,
F-a49fce792e1a,2026-05-21,R1,outros,,,nao,,,
F-e5ca59d28734,2026-05-22,R1,outros,,,nao,,,
F-5714a2c1ea33,2026-07-03,R1,medidor,digital,legivel,nao,ambos,sim,
F-c8df847d65cf,2026-05-20,R1,outros,,,nao,,,
F-01a6f5215ff3,2026-05-21,R1,medidor,digital,legivel,nao,numero,impossivel,
F-65573e0108af,2026-05-22,R1,medidor,digital,ilegivel,nao,nenhum,impossivel,
F-849482dae998,2026-07-03,R1,medidor,digital,legivel,nao,ambos,sim,
F-4da028eef84f,2026-05-20,R1,medidor,digital,legivel,nao,ambos,nao,
F-de4698eba6a3,2026-05-21,R1,medidor,digital,legivel,nao,ambos,nao,
F-015e8a24acb1,2026-05-22,R1,medidor,ciclometrico,legivel,nao,leitura,sim,
F-025bddcc2556,2026-07-03,R1,medidor,digital,legivel,nao,leitura,nao,
F-e7f0b2e36159,2026-05-20,R1,medidor,digital,ilegivel,nao,nenhum,impossivel,
F-969d2859753a,2026-05-21,R1,medidor,digital,ilegivel,nao,nenhum,,
F-625892118d3c,2026-05-22,R1,outros,,,nao,,,
F-d9d246f7e84a,2026-07-03,R1,medidor,digital,legivel,nao,numero,impossivel,
F-32519239f6e9,2026-05-20,R1,medidor,digital,legivel,nao,ambos,sim,
F-dfa9fd0ab56b,2026-05-21,R1,medidor,digital,legivel,nao,ambos,sim,
F-34bcf61f227b,2026-05-22,R1,medidor,digital,legivel,nao,ambos,sim,
F-f51b56c70179,2026-07-03,R1,medidor,ciclometrico,legivel,nao,ambos,sim,
F-137bc7f1895c,2026-05-20,R1,medidor,digital,legivel,nao,leitura,sim,
F-a027c93671c8,2026-05-21,R1,medidor,ciclometrico,ilegivel,nao,nenhum,impossivel,
F-7c90a3da04e5,2026-05-22,R1,medidor,indeterminado,ilegivel,nao,nenhum,impossivel,
F-1e93b1ff2116,2026-07-03,R1,medidor,digital,legivel,nao,ambos,sim,
F-6371186385c6,2026-05-20,R1,medidor,digital,ilegivel,nao,nenhum,impossivel,
F-4abf14d7276c,2026-05-21,R1,medidor,digital,legivel,nao,ambos,sim,
F-cb1f7507ae2a,2026-05-22,R1,medidor,digital,ilegivel,nao,nenhum,impossivel,
F-b037315cf2eb,2026-07-03,R1,medidor,digital,ilegivel,nao,nenhum,impossivel,
F-59487f6b275e,2026-05-20,R1,medidor,digital,legivel,nao,ambos,nao,
F-80bcc20ae915,2026-05-21,R1,medidor,digital,legivel,nao,ambos,sim,
F-9d3c52976f8e,2026-05-22,R1,medidor,digital,ilegivel,nao,nenhum,impossivel,
F-3ff014dda7e9,2026-07-03,R1,medidor,digital,legivel,nao,ambos,sim,
F-5240e89e8c19,2026-05-20,R1,medidor,digital,legivel,nao,leitura,sim,
F-86fb4cbc71f9,2026-05-21,R1,medidor,indeterminado,ilegivel,nao,nenhum,,
F-2c63ff317403,2026-05-22,R1,medidor,digital,legivel,nao,ambos,sim,
F-d87bc584e19d,2026-07-03,R1,medidor,digital,legivel,nao,ambos,sim,
F-0d56c1bfc4b2,2026-05-20,R1,medidor,indeterminado,ilegivel,nao,nenhum,,
F-0e22656df7b9,2026-05-21,R1,medidor,digital,legivel,nao,leitura,nao,
F-8cfbbd5d04ec,2026-05-22,R1,medidor,digital,legivel,nao,ambos,sim,
F-13025e85a5dc,2026-07-03,R1,medidor,ciclometrico,legivel,nao,leitura,sim,
F-56e6a3065acc,2026-05-20,R1,medidor,indeterminado,ilegivel,nao,nenhum,impossivel,
F-6c60d30e9fac,2026-05-21,R1,medidor,digital,legivel,nao,leitura,sim,
F-42fb016abab9,2026-05-22,R1,medidor,digital,legivel,nao,leitura,sim,
F-e99b917aca48,2026-07-03,R1,medidor,digital,legivel,nao,ambos,sim,
F-5145cbe3901e,2026-05-20,R1,medidor,digital,legivel,nao,leitura,sim,
F-3be9aa444cf5,2026-05-21,R1,medidor,digital,ilegivel,nao,nenhum,impossivel,
F-dd57769461e5,2026-05-22,R1,medidor,digital,ilegivel,nao,nenhum,impossivel,
F-9609efd2bb75,2026-07-03,R1,medidor,digital,legivel,nao,ambos,nao,
F-e2dbc2237b50,2026-05-20,R1,medidor,digital,legivel,nao,ambos,sim,
F-222cc9292b3e,2026-05-21,R1,medidor,ciclometrico,legivel,nao,ambos,,
F-2861d85c504f,2026-05-22,R1,medidor,digital,legivel,nao,leitura,nao,
F-8e55a85394de,2026-07-03,R1,medidor,digital,ilegivel,nao,nenhum,impossivel,
F-f7d8c3b523fd,2026-05-20,R1,medidor,digital,legivel,nao,ambos,sim,
F-154fce2f5d38,2026-05-21,R1,outros,,,nao,,,
F-9294e9bf7c19,2026-05-22,R1,medidor,digital,ilegivel,nao,nenhum,impossivel,
F-d9db819c0a69,2026-07-03,R1,medidor,ciclometrico,legivel,nao,leitura,sim,
F-8d2356bcc1ec,2026-05-20,R1,medidor,digital,legivel,nao,leitura,sim,
F-366a06337d3c,2026-05-21,R1,outros,,,nao,,,
F-071aeeea32c3,2026-05-22,R1,medidor,digital,legivel,nao,ambos,sim,
F-741851cc7559,2026-07-03,R1,medidor,digital,legivel,nao,ambos,sim,
F-1950dbd54c0b,2026-05-20,R1,medidor,ciclometrico,ilegivel,nao,nenhum,impossivel,
F-dc414462fd2a,2026-05-21,R1,medidor,digital,ilegivel,nao,nenhum,impossivel,
F-eec83b47ca06,2026-05-22,R1,medidor,indeterminado,ilegivel,nao,nenhum,impossivel,
F-7698b4df2ed1,2026-07-03,R1,medidor,ciclometrico,legivel,nao,ambos,sim,
F-eb6e3c96f15c,2026-05-20,R1,medidor,indeterminado,ilegivel,nao,nenhum,impossivel,
F-3181fd66c1a0,2026-05-21,R1,medidor,ciclometrico,legivel,nao,leitura,sim,
F-afbb56c746b1,2026-05-22,R1,medidor,digital,legivel,nao,leitura,sim,
F-07d67a21b837,2026-07-03,R1,medidor,digital,legivel,nao,ambos,sim,
F-6502a7c84263,2026-05-20,R1,medidor,digital,legivel,nao,ambos,sim,
F-a3f26a3da956,2026-05-21,R1,medidor,digital,legivel,nao,ambos,sim,
F-cd9e87d6be1d,2026-05-22,R1,medidor,digital,ilegivel,nao,nenhum,impossivel,
F-b6fe889caa11,2026-07-03,R1,medidor,digital,legivel,nao,ambos,sim,
F-115d65df8ef8,2026-05-20,R1,medidor,digital,legivel,nao,ambos,sim,
F-0252d544bbd2,2026-05-21,R1,medidor,digital,legivel,nao,ambos,,
F-6736293961c1,2026-05-22,R1,medidor,digital,legivel,nao,ambos,sim,
F-3ca8347adbac,2026-07-03,R1,medidor,digital,legivel,nao,ambos,nao,
F-e372fbcc9de6,2026-05-20,R1,medidor,digital,ilegivel,nao,nenhum,impossivel,
F-e323e51ff99b,2026-05-21,R1,medidor,digital,legivel,nao,numero,impossivel,
F-40aae717d9fc,2026-05-22,R1,medidor,indeterminado,ilegivel,nao,nenhum,impossivel,
F-8b6c6a6717fd,2026-07-03,R1,medidor,ciclometrico,ilegivel,nao,nenhum,impossivel,
F-12940baf2e28,2026-05-20,R1,medidor,digital,legivel,nao,leitura,sim,
F-22e4c6764530,2026-05-21,R1,outros,,,nao,,,
F-29baedbf70eb,2026-05-22,R1,medidor,digital,legivel,nao,ambos,sim,
F-9cea789e9c8c,2026-07-03,R1,medidor,digital,ilegivel,nao,nenhum,impossivel,
F-c375407066b4,2026-05-20,R1,medidor,digital,legivel,nao,ambos,sim,
F-2d98b09c3bc9,2026-05-21,R1,medidor,digital,legivel,nao,ambos,sim,
F-2579a4591c76,2026-05-22,R1,medidor,ciclometrico,ilegivel,nao,nenhum,impossivel,
F-5eb06886f447,2026-07-03,R1,medidor,digital,ilegivel,nao,nenhum,impossivel,
F-ff92580aab6c,2026-05-20,R1,medidor,indeterminado,ilegivel,nao,nenhum,impossivel,
F-86bdb1e11f26,2026-05-21,R1,medidor,digital,legivel,nao,leitura,sim,
F-7fe6e1c5d28e,2026-05-22,R1,outros,,,nao,,,
F-ceed4653d0e3,2026-07-03,R1,medidor,digital,legivel,nao,ambos,sim,
F-78b8396aa3cf,2026-05-20,R1,medidor,ciclometrico,legivel,nao,ambos,sim,
F-63b2ad1bd768,2026-05-21,R1,medidor,digital,legivel,nao,ambos,,
F-8c27e0cb04a8,2026-05-22,R1,medidor,digital,legivel,nao,ambos,sim,
F-5914f51ccf0e,2026-07-03,R1,medidor,ciclometrico,ilegivel,nao,nenhum,impossivel,
F-498a6261b649,2026-05-20,R1,medidor,ciclometrico,legivel,nao,ambos,sim,
F-fdf5c94c4868,2026-05-21,R1,medidor,digital,legivel,nao,ambos,sim,
F-56417fa42924,2026-05-22,R1,medidor,digital,legivel,nao,ambos,sim,
F-56de7e9c19e4,2026-07-03,R1,medidor,digital,legivel,nao,numero,impossivel,
F-45c7f50016ee,2026-05-20,R1,medidor,digital,ilegivel,nao,nenhum,impossivel,
F-45176dcda241,2026-05-21,R1,medidor,digital,legivel,nao,leitura,,
F-1bb2cc1337ba,2026-05-22,R1,medidor,digital,legivel,nao,ambos,sim,
F-dcb3c1dba5ca,2026-07-03,R1,medidor,digital,legivel,nao,leitura,sim,
F-b4983d2429c5,2026-05-20,R1,medidor,digital,legivel,nao,ambos,sim,
F-77f943eb7d44,2026-05-21,R1,medidor,digital,legivel,nao,ambos,sim,
F-79383d5eb288,2026-05-22,R1,medidor,indeterminado,ilegivel,nao,nenhum,impossivel,
F-61a6e93ba1cc,2026-07-03,R1,medidor,digital,ilegivel,nao,nenhum,impossivel,
F-0637ddc48462,2026-05-20,R1,medidor,ciclometrico,legivel,nao,leitura,sim,
F-40a4b670c832,2026-05-21,R1,medidor,digital,legivel,nao,ambos,sim,
F-f9b6d152c6e2,2026-05-22,R1,medidor,ciclometrico,legivel,nao,leitura,sim,
F-5cf5b60967d6,2026-07-03,R1,outros,,,nao,,,
F-7a9872bdd40c,2026-05-20,R1,medidor,digital,legivel,nao,numero,impossivel,
F-01a6ee6ebbfa,2026-05-21,R1,medidor,digital,legivel,nao,ambos,sim,
F-5fdd9e928277,2026-05-22,R1,medidor,digital,legivel,nao,ambos,sim,
F-2216922b23f1,2026-07-03,R1,medidor,digital,legivel,nao,ambos,sim,
F-f67ea8bf2333,2026-05-20,R1,medidor,digital,legivel,nao,ambos,sim,
F-21832c40d9b0,2026-05-21,R1,medidor,indeterminado,ilegivel,nao,nenhum,impossivel,
F-e6048bb2e91e,2026-05-22,R1,medidor,digital,legivel,nao,ambos,nao,
F-b6551a81e5b9,2026-07-03,R1,medidor,digital,legivel,nao,ambos,sim,
F-4addcc86a748,2026-05-20,R1,medidor,ciclometrico,ilegivel,nao,nenhum,impossivel,
F-89d7e016f90d,2026-05-21,R1,medidor,digital,legivel,nao,ambos,sim,
F-c7b4b59720e1,2026-05-22,R1,medidor,digital,legivel,nao,ambos,nao,
F-092fe4cde769,2026-07-03,R1,medidor,digital,legivel,nao,ambos,sim,
F-1a9c77b393d3,2026-05-20,R1,medidor,digital,legivel,nao,leitura,sim,
F-5a3f6893ceb1,2026-05-21,R1,outros,,,nao,,,
F-1fec88a38ca0,2026-05-22,R1,medidor,digital,legivel,nao,ambos,sim,
F-915307775c70,2026-07-03,R1,medidor,digital,legivel,nao,ambos,nao,
F-a93923a3e0b3,2026-05-20,R1,medidor,digital,ilegivel,nao,nenhum,impossivel,
F-ec6fffac8eb2,2026-05-21,R1,medidor,digital,legivel,nao,numero,impossivel,
F-2e5aa78e3c83,2026-05-22,R1,outros,,,nao,,,
F-1f66f94d3ac2,2026-07-03,R1,medidor,digital,legivel,nao,ambos,sim,
F-84f3388712e0,2026-05-20,R1,medidor,digital,legivel,nao,ambos,sim,
F-b590cffd463c,2026-05-21,R1,medidor,digital,legivel,nao,ambos,sim,
F-7218006d63ba,2026-05-22,R1,medidor,digital,legivel,nao,ambos,sim,
F-0e706e017a35,2026-07-03,R1,medidor,indeterminado,ilegivel,nao,nenhum,impossivel,
F-9ec68e5c03a6,2026-05-20,R1,medidor,digital,legivel,nao,leitura,sim,
F-b6e8e9c029ae,2026-05-21,R1,medidor,digital,legivel,nao,ambos,sim,
F-ca23fab4b3ee,2026-05-22,R1,medidor,ciclometrico,legivel,nao,ambos,sim,
F-dd7ee8b7783e,2026-07-03,R1,medidor,indeterminado,ilegivel,nao,nenhum,impossivel,
F-43dcb1ad6ed8,2026-05-20,R1,medidor,digital,legivel,nao,ambos,sim,
F-0578995e97ad,2026-05-21,R1,medidor,digital,legivel,nao,ambos,sim,
F-dd45ef65e801,2026-05-22,R1,medidor,digital,ilegivel,nao,nenhum,impossivel,
F-e1a5c9906187,2026-07-03,R1,medidor,digital,legivel,nao,ambos,sim,
F-0cbabf8f0786,2026-05-20,R1,medidor,digital,legivel,nao,ambos,sim,
F-0023ae8ebb28,2026-05-21,R1,medidor,indeterminado,ilegivel,nao,nenhum,impossivel,
F-24ea088d1172,2026-05-22,R1,medidor,digital,legivel,nao,leitura,sim,
F-cb99e4cab623,2026-07-03,R1,medidor,indeterminado,ilegivel,nao,nenhum,impossivel,
F-5b82e8ebe7b0,2026-05-20,R1,medidor,digital,legivel,nao,ambos,sim,
F-2e2bbc5e8c82,2026-05-21,R1,medidor,ciclometrico,ilegivel,nao,nenhum,impossivel,
F-bba7afafbc86,2026-05-22,R1,medidor,digital,ilegivel,nao,nenhum,impossivel,
F-2d862dca25bd,2026-07-03,R1,medidor,digital,legivel,nao,ambos,sim,
F-0dd95c544563,2026-05-20,R1,medidor,digital,legivel,nao,leitura,nao,
F-ee5156a91066,2026-05-21,R1,medidor,indeterminado,ilegivel,nao,nenhum,,
F-899abe5a6515,2026-05-22,R1,medidor,digital,legivel,nao,ambos,sim,
F-2d7c7330b301,2026-07-03,R1,medidor,digital,legivel,nao,leitura,sim,
F-1768dabc776b,2026-05-20,R1,medidor,ciclometrico,ilegivel,nao,nenhum,impossivel,
F-8ef837785d3d,2026-05-21,R1,medidor,ciclometrico,legivel,nao,ambos,sim,
F-f0bc0cf0093f,2026-05-22,R1,medidor,digital,legivel,nao,ambos,sim,
F-fafca7dad80d,2026-07-03,R1,medidor,indeterminado,ilegivel,nao,nenhum,impossivel,
F-f3f35dfbb249,2026-05-20,R1,medidor,digital,legivel,nao,ambos,sim,
F-67705641a403,2026-05-21,R1,medidor,ciclometrico,legivel,nao,ambos,sim,
F-0bba4d29d7f5,2026-05-22,R1,medidor,digital,ilegivel,nao,nenhum,impossivel,
F-cfd7e7046898,2026-07-03,R1,medidor,digital,legivel,nao,ambos,sim,
F-03ec69f49492,2026-05-20,R1,outros,,,nao,,,
F-4d3753d5048c,2026-05-21,R1,medidor,ciclometrico,ilegivel,nao,nenhum,impossivel,
F-d667288fdfcc,2026-05-22,R1,medidor,digital,legivel,nao,ambos,sim,
F-a11e6d77b751,2026-07-03,R1,medidor,ciclometrico,legivel,nao,numero,impossivel,
F-57c9d7eb64a8,2026-05-20,R1,medidor,digital,legivel,nao,numero,impossivel,
F-16d71b603fc7,2026-05-21,R1,medidor,digital,legivel,nao,leitura,nao,
F-10181ea4757e,2026-05-22,R1,medidor,digital,ilegivel,nao,nenhum,impossivel,
F-cf64d6a77083,2026-07-03,R1,medidor,digital,legivel,nao,ambos,sim,
F-6a88eab86ee1,2026-05-20,R1,medidor,digital,ilegivel,nao,nenhum,impossivel,
F-f6a408d76488,2026-05-21,R1,medidor,digital,legivel,nao,leitura,sim,
F-a1cf0ae8f254,2026-05-22,R1,medidor,digital,legivel,nao,ambos,sim,
F-20e639abd6d3,2026-07-03,R1,medidor,digital,legivel,nao,numero,impossivel,
F-7421c7349491,2026-05-20,R1,medidor,digital,ilegivel,nao,nenhum,impossivel,
F-4d364ebf404e,2026-05-21,R1,medidor,digital,legivel,nao,ambos,sim,
F-9162625aebfb,2026-05-22,R1,medidor,digital,legivel,nao,ambos,sim,
F-977f6e91fba4,2026-07-03,R1,medidor,digital,legivel,nao,ambos,sim,
F-d7e2db3156a3,2026-05-20,R1,medidor,digital,legivel,nao,ambos,sim,
F-b94c37ddf2ec,2026-05-21,R1,medidor,ciclometrico,legivel,nao,numero,impossivel,
F-0819ef388929,2026-05-22,R1,medidor,digital,legivel,nao,leitura,sim,
F-5af541af503e,2026-07-03,R1,medidor,digital,ilegivel,nao,nenhum,impossivel,
F-8eb8c464e4ee,2026-05-20,R1,medidor,ciclometrico,ilegivel,nao,nenhum,impossivel,
F-5206c85a3ef0,2026-05-21,R1,medidor,digital,legivel,nao,ambos,sim,
F-81d5d8bd629f,2026-05-22,R1,outros,,,nao,,,
F-bae187a58dab,2026-07-03,R1,medidor,digital,legivel,nao,ambos,sim,
F-d501e44ba343,2026-05-20,R1,medidor,digital,legivel,nao,ambos,,
F-1d2c4d9a53ea,2026-05-21,R1,medidor,digital,legivel,nao,leitura,sim,
F-fa12e5464210,2026-05-22,R1,medidor,ciclometrico,legivel,nao,ambos,sim,
F-5c1dab98a979,2026-07-03,R1,medidor,digital,legivel,nao,ambos,sim,
F-bf7d96f248ec,2026-05-20,R1,medidor,digital,legivel,nao,ambos,,
F-303b0daca092,2026-05-21,R1,medidor,digital,legivel,nao,ambos,sim,
F-da23ec14b443,2026-05-22,R1,medidor,digital,ilegivel,nao,nenhum,impossivel,
F-0073b1823404,2026-07-03,R1,medidor,digital,ilegivel,nao,nenhum,impossivel,
F-24feda3d68f8,2026-05-20,R1,medidor,indeterminado,ilegivel,nao,nenhum,,
F-65b26ed05d85,2026-05-21,R1,medidor,digital,legivel,nao,ambos,sim,
F-793f3a0a80f0,2026-05-22,R1,medidor,digital,legivel,nao,ambos,sim,
F-9f92ea542893,2026-07-03,R1,medidor,digital,legivel,nao,ambos,sim,
F-ca61d2f57b54,2026-05-20,R1,medidor,digital,ilegivel,nao,nenhum,impossivel,
F-078f3e74065b,2026-05-21,R1,medidor,digital,legivel,nao,ambos,sim,
F-e89e34fea6d8,2026-05-22,R1,medidor,digital,ilegivel,nao,nenhum,impossivel,
F-692b7afd6bef,2026-07-03,R1,medidor,digital,legivel,nao,leitura,nao,
F-a11531d2dff1,2026-05-20,R1,medidor,digital,legivel,nao,leitura,sim,
F-e48e448b7be2,2026-05-21,R1,medidor,digital,ilegivel,nao,nenhum,impossivel,
F-4163aca92429,2026-05-22,R1,medidor,digital,legivel,nao,numero,impossivel,
F-7423e4438066,2026-07-03,R1,medidor,ciclometrico,ilegivel,nao,nenhum,impossivel,
F-a4ea1318163e,2026-05-20,R1,medidor,digital,legivel,nao,leitura,sim,
F-25015517aaed,2026-05-21,R1,medidor,digital,legivel,nao,ambos,,
F-82397c47949a,2026-05-22,R1,medidor,digital,legivel,nao,leitura,nao,
F-70830c559d64,2026-07-03,R1,medidor,digital,legivel,nao,numero,impossivel,
F-993503859166,2026-05-20,R1,medidor,digital,ilegivel,nao,nenhum,impossivel,
F-f591ae2c6273,2026-05-21,R1,medidor,digital,ilegivel,nao,nenhum,,
F-a248fd6f6160,2026-05-22,R1,medidor,digital,ilegivel,nao,nenhum,impossivel,
F-f466965d8cb9,2026-07-03,R1,medidor,digital,legivel,nao,ambos,sim,
F-a314c07fb4ee,2026-05-20,R1,medidor,digital,legivel,nao,ambos,sim,
F-a286343e77a2,2026-05-21,R1,medidor,ciclometrico,legivel,nao,leitura,nao,
F-52ed71827a99,2026-05-22,R1,medidor,digital,legivel,nao,ambos,sim,
F-dec804fecd7d,2026-07-03,R1,medidor,digital,ilegivel,nao,nenhum,impossivel,
F-5444b4a755cc,2026-05-20,R1,medidor,digital,legivel,nao,ambos,sim,
F-a91e65492a66,2026-05-21,R1,medidor,digital,legivel,nao,leitura,,
F-0ad7c41cff5d,2026-05-22,R1,medidor,indeterminado,ilegivel,nao,nenhum,impossivel,
F-cd0511ac326f,2026-07-03,R1,medidor,digital,legivel,nao,numero,impossivel,
F-9641f8f87a2d,2026-05-20,R1,medidor,digital,legivel,nao,leitura,sim,
F-620ea3b0b4a5,2026-05-21,R1,medidor,digital,ilegivel,nao,nenhum,impossivel,
F-961409f4b95d,2026-05-22,R1,medidor,ciclometrico,ilegivel,nao,nenhum,impossivel,
F-2ad5ab394d33,2026-07-03,R1,medidor,ciclometrico,legivel,nao,ambos,sim,
F-e58b3a9eee0e,2026-05-20,R1,medidor,digital,legivel,nao,ambos,nao,
F-86bf6157d39b,2026-05-21,R1,medidor,digital,legivel,nao,ambos,sim,
F-ed20da1e1d72,2026-05-22,R1,medidor,digital,ilegivel,nao,nenhum,impossivel,
F-3967422946cf,2026-07-03,R1,medidor,digital,legivel,nao,ambos,sim,
F-1801f32f9ec9,2026-05-20,R1,medidor,digital,ilegivel,nao,nenhum,impossivel,
F-6cac3fde7f5a,2026-05-21,R1,medidor,digital,legivel,nao,ambos,sim,
F-c3278edc2ba1,2026-05-22,R1,medidor,digital,legivel,nao,numero,impossivel,
F-863646315259,2026-07-03,R1,medidor,digital,legivel,nao,ambos,sim,
F-7dfaa087b192,2026-05-20,R1,medidor,digital,ilegivel,nao,nenhum,impossivel,
F-c27f0d45c642,2026-05-21,R1,outros,,,nao,,,
F-c09ca6f14906,2026-05-22,R1,medidor,digital,legivel,nao,ambos,sim,
F-c69e0cea17a7,2026-07-03,R1,medidor,digital,legivel,nao,ambos,sim,
F-221d2c532628,2026-05-20,R1,medidor,ciclometrico,legivel,nao,ambos,sim,
F-33190339a6c0,2026-05-21,R1,medidor,ciclometrico,legivel,nao,leitura,sim,
F-9eb255e50920,2026-05-22,R1,medidor,indeterminado,ilegivel,nao,nenhum,impossivel,
F-b2ce33abc76c,2026-07-03,R1,medidor,digital,legivel,nao,ambos,sim,
F-9e407199c0a8,2026-05-20,R1,medidor,ciclometrico,ilegivel,nao,nenhum,impossivel,
F-4ec5926202a1,2026-05-21,R1,medidor,ciclometrico,legivel,nao,leitura,sim,
F-13125db66bbd,2026-05-22,R1,medidor,digital,legivel,nao,leitura,sim,
F-187ca88c21f1,2026-07-03,R1,medidor,digital,legivel,nao,ambos,nao,
F-65238f6bbc44,2026-05-22,R1,medidor,digital,legivel,nao,ambos,sim,
F-24f5228d844f,2026-05-22,R1,medidor,digital,legivel,nao,ambos,nao,
F-55c772a9e4ea,2026-05-20,R1,medidor,digital,legivel,nao,ambos,sim,
F-6d5788ab7506,2026-05-21,R1,medidor,digital,ilegivel,nao,nenhum,impossivel,
F-8829bb4c01c3,2026-05-22,R1,medidor,digital,ilegivel,nao,nenhum,impossivel,
F-98853d67f078,2026-05-22,R1,medidor,digital,legivel,nao,ambos,sim,
F-c39ba06dee94,2026-05-22,R1,medidor,digital,ilegivel,nao,nenhum,impossivel,
F-b998c5337afc,2026-07-03,R1,medidor,digital,legivel,nao,leitura,sim,
F-39d8620539c5,2026-05-20,R1,medidor,digital,legivel,nao,ambos,sim,
F-587f95491ee0,2026-07-03,R1,medidor,indeterminado,ilegivel,nao,nenhum,impossivel,
F-938fa17ed941,2026-05-22,R1,medidor,indeterminado,ilegivel,nao,nenhum,impossivel,
F-9e7e2731daf1,2026-07-03,R1,medidor,digital,legivel,nao,ambos,sim,
F-e1ae86c0cb67,2026-05-21,R1,medidor,digital,legivel,nao,numero,impossivel,
F-54fcd3fc068f,2026-05-20,R1,medidor,indeterminado,ilegivel,nao,nenhum,impossivel,
F-d11991364fae,2026-05-22,R1,medidor,digital,legivel,nao,ambos,nao,
F-63dda9a389ae,2026-05-22,R1,medidor,indeterminado,ilegivel,nao,nenhum,impossivel,
F-b65f1965c425,2026-05-22,R1,medidor,digital,ilegivel,nao,nenhum,impossivel,
F-4ace96575ed2,2026-05-20,R1,medidor,digital,legivel,nao,ambos,sim,
F-8c6b2fe4da06,2026-05-22,R1,medidor,digital,legivel,nao,leitura,sim,
F-aadf514f66b4,2026-05-21,R1,medidor,digital,ilegivel,nao,nenhum,impossivel,
F-23175e1efdcc,2026-05-20,R1,medidor,digital,ilegivel,nao,nenhum,impossivel,
F-23b50fa5b0b2,2026-05-20,R1,medidor,digital,legivel,nao,ambos,sim,
F-6cd3a2fa0694,2026-07-03,R1,medidor,digital,legivel,nao,numero,impossivel,
F-87313a3bb871,2026-05-22,R1,medidor,digital,legivel,nao,ambos,sim,
F-7d9bb47e8df4,2026-05-20,R1,medidor,indeterminado,ilegivel,nao,nenhum,impossivel,
F-57828c50e36a,2026-05-22,R1,medidor,indeterminado,ilegivel,nao,nenhum,impossivel,
F-8639509996bb,2026-05-21,R1,medidor,digital,legivel,nao,ambos,sim,
F-779db0cd2db0,2026-07-03,R1,medidor,digital,legivel,nao,ambos,nao,
F-3e67d0265b0b,2026-05-21,R1,medidor,digital,legivel,nao,leitura,sim,
F-d8bf9fdcaf87,2026-05-21,R1,medidor,digital,legivel,nao,leitura,sim,
F-8a635ee66a2a,2026-07-03,R1,medidor,digital,legivel,nao,numero,impossivel,
F-617166663319,2026-05-22,R1,medidor,digital,legivel,nao,ambos,sim,
F-08158e9409bb,2026-07-03,R1,medidor,digital,legivel,nao,ambos,sim,
F-92fbbfbac2f3,2026-05-21,R1,medidor,indeterminado,ilegivel,nao,nenhum,impossivel,
F-e560bbd8e93f,2026-05-22,R1,medidor,digital,ilegivel,nao,nenhum,impossivel,
F-3e783b2b2d7c,2026-07-03,R1,medidor,digital,legivel,nao,ambos,sim,
F-7b0da17c6775,2026-05-20,R1,medidor,digital,ilegivel,nao,nenhum,impossivel,
F-443ccb0dd18e,2026-05-21,R1,medidor,digital,legivel,nao,ambos,sim,
F-ffa39a2f46c2,2026-05-20,R1,medidor,digital,legivel,nao,ambos,nao,
F-6d1196561137,2026-07-03,R1,medidor,digital,ilegivel,nao,nenhum,impossivel,
F-9d538ff45714,2026-05-22,R1,medidor,digital,legivel,nao,ambos,sim,
F-9338fdc58b33,2026-07-03,R1,medidor,digital,ilegivel,nao,nenhum,impossivel,
F-13303ffffb20,2026-05-20,R1,medidor,indeterminado,ilegivel,nao,nenhum,impossivel,
F-6661f9945cb9,2026-07-03,R1,medidor,digital,legivel,nao,leitura,sim,
F-949f2111444c,2026-07-03,R1,medidor,ciclometrico,ilegivel,nao,nenhum,impossivel,
F-cb2a5dc1edf4,2026-05-22,R1,outros,,,nao,,,
F-1cbd2787dd15,2026-07-03,R1,medidor,indeterminado,ilegivel,nao,nenhum,impossivel,
F-4f18f3db1575,2026-07-03,R1,medidor,digital,legivel,nao,ambos,sim,
F-57ecce4242f1,2026-05-20,R1,medidor,digital,legivel,nao,ambos,nao,
F-f32d613d7dd0,2026-05-22,R1,medidor,digital,legivel,nao,leitura,sim,
F-84c01e181957,2026-05-20,R2,medidor,digital,legivel,nao,ambos,,
F-2735abae25e8,2026-05-21,R2,medidor,ciclometrico,legivel,nao,ambos,,
F-fc6ed5efbc9d,2026-05-22,R2,medidor,digital,ilegivel,nao,nenhum,,
F-eb2e558d29ad,2026-07-03,R2,medidor,digital,legivel,nao,ambos,,
F-9b63346ce5f3,2026-05-20,R2,medidor,ciclometrico,ilegivel,nao,nenhum,,
F-1065974d4260,2026-05-21,R2,medidor,digital,legivel,nao,ambos,,
F-81b6ac31f64d,2026-05-22,R2,medidor,digital,legivel,nao,ambos,,
F-3f77073e12e9,2026-07-03,R2,medidor,digital,legivel,nao,ambos,,
F-4d0ab14785be,2026-05-20,R2,outros,,,nao,,,
F-393a41464a80,2026-05-21,R2,medidor,digital,legivel,nao,ambos,,
F-f6849c27a980,2026-05-22,R2,medidor,digital,legivel,nao,ambos,,
F-c74a4607845a,2026-07-03,R2,medidor,digital,legivel,nao,ambos,,
F-d041c766b8ee,2026-05-20,R2,medidor,digital,legivel,nao,ambos,,
F-d00cb95ebeb8,2026-05-21,R2,medidor,ciclometrico,legivel,nao,ambos,,
F-ef5311b0644d,2026-05-22,R2,medidor,digital,legivel,nao,ambos,,
F-bb8e41258cf3,2026-07-03,R2,medidor,ciclometrico,ilegivel,nao,nenhum,,
F-68534dae8cd7,2026-05-20,R2,medidor,digital,legivel,nao,ambos,,
F-545b9fb9d0a7,2026-05-21,R2,outros,,,nao,,,
F-125d7c96de2f,2026-05-22,R2,medidor,digital,legivel,nao,ambos,,
F-0b8c47337841,2026-07-03,R2,medidor,digital,legivel,nao,ambos,,
F-6249d58c5d12,2026-05-20,R2,medidor,digital,legivel,nao,leitura,,
F-aff9b5e1dc47,2026-05-21,R2,medidor,digital,legivel,nao,ambos,,
F-03d10a193738,2026-05-22,R2,medidor,digital,legivel,nao,ambos,,
F-3b3dfc4d715e,2026-07-03,R2,medidor,digital,legivel,nao,ambos,,
F-93365a732332,2026-05-20,R2,medidor,digital,legivel,nao,ambos,,
F-87e75e55c424,2026-05-21,R2,medidor,digital,legivel,nao,ambos,,
F-ef3154dbc7de,2026-05-22,R2,medidor,digital,ilegivel,nao,nenhum,,
F-6195b6e261fb,2026-07-03,R2,medidor,digital,legivel,nao,ambos,,
F-257c2a36e18b,2026-05-20,R2,medidor,digital,legivel,nao,ambos,,
F-4f79274d3e3b,2026-05-21,R2,medidor,digital,legivel,nao,numero,,
F-b3b8f0c98f45,2026-05-22,R2,medidor,digital,legivel,nao,ambos,,
F-832335aa9d9e,2026-07-03,R2,medidor,digital,legivel,nao,ambos,,
F-82883253a1b9,2026-05-20,R2,medidor,digital,ilegivel,nao,nenhum,,
F-36fe12cf66b1,2026-05-21,R2,medidor,digital,legivel,nao,ambos,,
F-13ec037033e8,2026-05-22,R2,medidor,digital,legivel,nao,ambos,,
F-6d60ef1e4a4c,2026-07-03,R2,medidor,digital,legivel,nao,ambos,,
F-846244e5499e,2026-05-20,R2,medidor,digital,legivel,nao,leitura,,
F-69273286511b,2026-05-21,R2,medidor,ciclometrico,legivel,nao,leitura,,
F-91fa9cdae4a3,2026-05-22,R2,medidor,digital,legivel,nao,leitura,,
F-492ed77c7da8,2026-07-03,R2,medidor,ciclometrico,legivel,nao,leitura,,
F-686f386bae3c,2026-05-20,R2,medidor,digital,legivel,nao,leitura,,
F-808c43d375e2,2026-05-21,R2,outros,,,nao,,,
F-06d55af51f1d,2026-05-22,R2,medidor,digital,legivel,nao,ambos,,
F-cefc326af4a2,2026-07-03,R2,medidor,digital,legivel,nao,ambos,,
F-f8e9ceb5ac58,2026-05-20,R2,outros,,,nao,,,
F-e50dacfd4a34,2026-05-21,R2,medidor,digital,legivel,nao,ambos,,
F-476843e4908f,2026-05-22,R2,medidor,digital,legivel,nao,ambos,,
F-3a59de01856e,2026-07-03,R2,medidor,ciclometrico,legivel,nao,ambos,,
F-770877f156c1,2026-05-20,R2,medidor,digital,legivel,nao,ambos,,
F-f5e6922b7f5e,2026-05-21,R2,medidor,digital,ilegivel,nao,nenhum,,
F-d00cb95ebeb8,2026-05-21,ADJ,medidor,ciclometrico,legivel,nao,numero,impossivel,
F-ef5311b0644d,2026-05-22,ADJ,medidor,ciclometrico,legivel,nao,ambos,sim,
F-6249d58c5d12,2026-05-20,ADJ,medidor,digital,legivel,nao,leitura,nao,
F-3a59de01856e,2026-07-03,ADJ,medidor,ciclometrico,legivel,nao,ambos,sim,
F-686f386bae3c,2026-05-20,ADJ,medidor,digital,legivel,nao,leitura,sim,
F-492ed77c7da8,2026-07-03,ADJ,medidor,ciclometrico,ilegivel,nao,nenhum,impossivel,
